,B_0,A_0,D_0,e_BD,alpha_B,alpha_D,alpha_Y,tau_B,tau_D,tau_Y,a_A,a_D,sigma_A,sigma_D,x_A,x_D,n_D,p_in,MSE,MSEM,MSEB,MSEP,MSEO
PIGEON LAKE,0.09348586751040688,0.003162163531615872,9.466487560199494e-05,0.7080293196384063,0.0026592002153243313,0.005516051720963777,0.003073283986637527,1.9773165579861587,1.559285640718067,0.6824281118516875,0.007883540584236667,0.05773312264793577,0.0026665195884074456,0.0060654937432892825,0.005093363958371481,0.0034109955830195627,0.07798891335582489,0.07019622434472547,3.13438645321872,0.4569813137440958,0.13379445492716782,,8.812383590984895
