,B_0,A_0,D_0,e_BD,alpha_B,alpha_D,alpha_Y,tau_B,tau_D,tau_Y,a_A,a_D,sigma_A,sigma_D,x_A,x_D,n_D,p_in,MSE,MSEM,MSEB,MSEP,MSEO
PIGEON LAKE,0.028757608997992408,0.02864624318023065,0.007608817018547161,0.7189617312383152,0.0068414526757036185,0.0018411140085156023,0.009901388163819103,1.1449971476374083,1.664841754029072,0.709185673117298,0.03996520810859481,0.042779403449326826,0.0013996779649132225,0.0026119115626559316,0.006559286142134276,0.003578851300937269,0.05609498344411949,0.24780195411369849,3.651115782710201,0.5210280706466359,0.11852728356825562,,10.31379199391571
